alt_km,lat_deg,lon_deg,lt_h,doy,f107,f107m,kp3h,kp24h,temperature_k,exospheric_temp_k,density_g_cm3,mean_mol_mass_g,d_h_g_cm3,d_he_g_cm3,d_o_g_cm3,d_n2_g_cm3,d_o2_g_cm3,d_n_g_cm3
121,-90,-360,0,1,70,70,0,0,590.6219482421875,1000,1.1342920526458133e-11,11.313753128051758,2.9990720735832699e-13,5.9408771305169417e-13,6.5266026090526896e-12,1.8566164231015314e-12,1.683398971434602e-12,3.8230781929972368e-13
124.31,-88.730000000000004,-354.88999999999999,0.37,3,70.829999999999998,70.609999999999999,0.050000000000000003,0.040000000000000001,788.72052001953125,1000,7.7407238605053941e-12,10.359264373779297,2.5076858992112427e-13,4.8594553945027763e-13,4.4827383992307457e-12,1.1953293172980994e-12,1.0605058498036612e-12,2.6543651716719185e-13
127.62,-87.459999999999994,-349.77999999999997,0.73999999999999999,5,71.659999999999997,71.219999999999999,0.10000000000000001,0.080000000000000002,890.88543701171875,1000,6.3416637392788022e-12,9.7807846069335938,2.3206146748146195e-13,4.4265646378417733e-13,3.6961596977524991e-12,9.3559209858595782e-13,8.1437862096273017e-13,2.2081558044735605e-13
130.93000000000001,-86.189999999999998,-344.67000000000002,1.1099999999999999,7,72.489999999999995,71.829999999999998,0.15000000000000002,0.12,943.6099853515625,1000,5.5763124152952148e-12,9.3545074462890625,2.2328012106321432e-13,4.2024532725254415e-13,3.2692746079754365e-12,7.9176438625913614e-13,6.7483638035298332e-13,1.9691168725959052e-13
134.24000000000001,-84.920000000000002,-339.56,1.48,9,73.319999999999993,72.439999999999998,0.20000000000000001,0.16,970.83831787109375,1000,5.0678142238247403e-12,9.0048847198486328,2.1864534651121897e-13,4.0649420136353032e-13,2.9849814026788879e-12,6.9768773007169993e-13,5.788063713214886e-13,1.8119914477286031e-13
137.55000000000001,-83.650000000000006,-334.44999999999999,1.8500000000000001,11,74.150000000000006,73.049999999999997,0.25,0.20000000000000001,984.90911865234375,1000,4.685933932546682e-12,8.7012357711791992,2.1593837828959295e-13,3.9676771525394561e-13,2.7676968789719369e-12,6.3141207757091977e-13,5.0481976454977429e-13,1.6929915856809391e-13
140.86000000000001,-82.379999999999995,-329.33999999999997,2.2199999999999998,13,74.980000000000004,73.659999999999997,0.30000000000000004,0.23999999999999999,992.18536376953125,1000,4.3768591181936323e-12,8.4300832748413086,2.1417557397734877e-13,3.8903345063630301e-13,2.5861398526144663e-12,5.8409879580625934e-13,4.4401743566624408e-13,1.5939400949301075e-13
144.17000000000002,-81.109999999999999,-324.23000000000002,2.5899999999999999,15,75.810000000000002,74.269999999999996,0.35000000000000003,0.28000000000000003,995.9505615234375,1000,4.1155941502002413e-12,8.1850490570068359,2.1288819231773948e-13,3.8233272884463654e-13,2.4260775680073898e-12,5.5140077616713801e-13,3.9223862330871329e-13,1.5065636997484144e-13
147.47999999999999,-79.840000000000003,-319.12,2.96,17,76.640000000000001,74.879999999999995,0.40000000000000002,0.32000000000000001,997.90020751953125,1000,3.8890024013638058e-12,7.9623541831970215,2.1184428180848897e-13,3.7619584639277115e-13,2.2806140656528306e-12,5.3036985610613319e-13,3.4729126041979641e-13,1.4268721295652986e-13
150.78999999999999,-78.569999999999993,-314.00999999999999,3.3300000000000001,19,77.469999999999999,75.489999999999995,0.45000000000000001,0.35999999999999999,998.91046142578125,1000,3.6781033947719255e-12,7.7421770095825195,2.1092684348265889e-13,3.7038769403960337e-13,2.1462109433406651e-12,5.0741848873700479e-13,3.0787500912392296e-13,1.352845380208148e-13
154.09999999999999,-77.299999999999997,-308.89999999999998,3.7000000000000002,21,78.299999999999997,76.099999999999994,0.5,0.40000000000000002,999.43426513671875,1000,3.4514294634108156e-12,7.4785737991333008,2.1007619201065392e-13,3.6478903665121409e-13,2.0209248770969301e-12,4.5417641002243325e-13,2.731226703134304e-13,1.2834022310604515e-13
157.41,-76.030000000000001,-303.79000000000002,4.0700000000000003,23,79.129999999999995,76.709999999999994,0.55000000000000004,0.44,999.7060546875,1000,3.2392786369905835e-12,7.2186226844787598,2.0926176644373712e-13,3.5933875233012946e-13,1.9035927348309833e-12,4.0289841775342783e-13,2.4239488996720404e-13,1.2179202145499307e-13
160.72,-74.760000000000005,-298.68000000000001,4.4399999999999995,25,79.959999999999994,77.319999999999993,0.60000000000000009,0.47999999999999998,999.84716796875,1000,3.0407833369328063e-12,6.9632382392883301,2.0846775098271736e-13,3.5400493842742409e-13,1.7934361678031974e-12,3.5409083434453925e-13,2.1518332634414689e-13,1.1560033258330854e-13
164.03,-73.489999999999995,-293.56999999999999,4.8099999999999996,27,80.789999999999992,77.930000000000007,0.65000000000000002,0.52000000000000002,999.92047119140625,1000,2.8554044979173243e-12,6.7135567665100098,2.0768608187393678e-13,3.4877078980942444e-13,1.6898816330643274e-12,3.082636684977047e-13,1.9106501862424519e-13,1.0973727894263152e-13
167.34,-72.219999999999999,-288.45999999999998,5.1799999999999997,29,81.620000000000005,78.539999999999992,0.70000000000000007,0.56000000000000005,999.9586181640625,1000,2.6827184137351301e-12,6.4707574844360352,2.06912557833977e-13,3.4362700944250146e-13,1.5924632489408563e-12,2.6585732313538779e-13,1.6967740960101979e-13,1.0418102741171359e-13
170.65000000000001,-70.950000000000003,-283.35000000000002,5.5499999999999998,31,82.450000000000003,79.150000000000006,0.75,0.59999999999999998,999.97845458984375,1000,2.5223130875606792e-12,6.2359604835510254,2.0614496980091157e-13,3.385681221056841e-13,1.5007814869322234e-12,2.2719983717740116e-13,1.5070534880798347e-13,9.8913268526366893e-14
173.96000000000001,-69.680000000000007,-278.24000000000001,5.9199999999999999,33,83.280000000000001,79.760000000000005,0.80000000000000004,0.64000000000000001,999.98876953125,1000,2.3737231798215408e-12,6.0101165771484375,2.0538213870487793e-13,3.3359082098234627e-13,1.4144770424384667e-12,1.9248346677398082e-13,1.3387210719313647e-13,9.3917732477740573e-14
177.27000000000001,-68.409999999999997,-273.13,6.29,35,84.109999999999999,80.370000000000005,0.85000000000000009,0.68000000000000005,999.994140625,1000,2.2364143956871141e-12,5.7939629554748535,2.0462356310237129e-13,3.2869263951254557e-13,1.3332233537652338e-12,1.6176098546587248e-13,1.1893409163337559e-13,8.9179680892552404e-14
180.57999999999998,-67.140000000000001,-268.01999999999998,6.6600000000000001,37,84.939999999999998,80.980000000000004,0.90000000000000002,0.71999999999999997,999.9969482421875,1000,2.1097722093660343e-12,5.5879721641540527,2.0386886352263128e-13,3.2387176165764309e-13,1.2567158685222735e-12,1.3495449332698306e-13,1.056759253671366e-13,8.4685344403211821e-14
183.88999999999999,-65.870000000000005,-262.90999999999997,7.0300000000000002,39,85.769999999999996,81.590000000000003,0.95000000000000007,0.76000000000000001,999.9984130859375,1000,1.9931213797452774e-12,5.3923640251159668,2.0311783667775057e-13,3.1912661532448872e-13,1.1846715015223497e-12,1.1187657923553487e-13,9.3907080191395903e-14,8.0421814227602667e-14
187.19999999999999,-64.599999999999994,-257.80000000000001,7.4000000000000004,41,86.599999999999994,82.200000000000003,1,0.80000000000000004,999.9991455078125,1000,1.8857430807844855e-12,5.2071146965026855,2.0237044191014769e-13,3.1445584526036685e-13,1.116824840073638e-12,9.2255948702917728e-14,8.3458935563277686e-14,7.6376987958974574e-14
190.50999999999999,-63.329999999999998,-252.69,7.7699999999999996,43,87.430000000000007,82.810000000000002,1.05,0.83999999999999997,999.99957275390625,1000,1.7868987539637615e-12,5.0319943428039551,2.0162662500971401e-13,3.0985817752772482e-13,1.0529268429371186e-12,7.5765572472592108e-14,7.4182142633522075e-14,7.2539420488144241e-14
193.81999999999999,-62.060000000000002,-247.57999999999998,8.1400000000000006,45,88.259999999999991,83.420000000000002,1.1000000000000001,0.88,999.999755859375,1000,1.6958542859921155e-12,4.8666186332702637,2.0088625045117797e-13,3.0533222976879271e-13,9.9274386454462071e-13,6.2049303683423679e-14,6.5944327093132166e-14,6.8898249464596079e-14
197.13,-60.789999999999999,-242.47,8.5099999999999998,47,89.090000000000003,84.030000000000001,1.1500000000000001,0.92000000000000004,999.9998779296875,1000,1.6118995244465695e-12,4.7104878425598145,2.0014938599717536e-13,3.0087691778139802e-13,9.3605646237643336e-13,5.074506624364733e-14,5.8628307016053011e-14,6.5443269835381568e-14
200.44,-59.519999999999996,-237.35999999999999,8.879999999999999,49,89.920000000000002,84.640000000000001,1.2000000000000002,0.95999999999999996,999.99993896484375,1000,1.5343637818632239e-12,4.5630407333374023,1.9941596388507038e-13,2.9649102183809672e-13,8.826591259107619e-13,4.1502734002317812e-14,5.2130165012183663e-14,6.2164791543584119e-14
203.75,-58.25,-232.25,9.25,51,90.75,85.25,1.25,1,999.99993896484375,1000,1.462624292514203e-12,4.4236822128295898,1.9868598411486305e-13,2.921734035266077e-13,8.3235664454645031e-13,3.3996981933185483e-14,4.6357713403676754e-14,5.9053605647001184e-14
207.06,-56.979999999999997,-227.13999999999999,9.6199999999999992,53,91.579999999999998,85.859999999999999,1.3,1.04,1000,1000,1.396115319705904e-12,4.2918276786804199,1.9795936537139042e-13,2.8792289732959553e-13,7.8496752283982452e-13,2.7935161847039876e-14,4.1229352424525592e-14,5.6101038528252878e-14
210.37,-55.710000000000001,-222.03,9.9900000000000002,55,92.409999999999997,86.469999999999999,1.3500000000000001,1.0800000000000001,1000,1000,1.3343275052576931e-12,4.1669125556945801,1.9723616186476112e-13,2.8373847325499635e-13,7.4032029421730594e-13,2.306092769272395e-14,3.6672667534003514e-14,5.3298850250828311e-14
213.68000000000001,-54.439999999999998,-216.91999999999999,10.359999999999999,57,93.239999999999995,87.079999999999998,1.4000000000000001,1.1200000000000001,1000,1000,1.2768063516188644e-12,4.0484085083007812,1.9651634648992083e-13,2.7961893868042043e-13,6.9825362939562874e-13,1.9154728530309389e-14,3.2623426529654331e-14,5.0639237947217378e-14
216.99000000000001,-53.170000000000002,-211.81,10.73,59,94.069999999999993,87.689999999999998,1.4500000000000002,1.1599999999999999,1000,1000,1.2231507039855982e-12,3.9358384609222412,1.9579983793170663e-13,2.7556329071885821e-13,6.5861590270097081e-13,1.6032061949159369e-14,2.902469185676361e-14,4.8114815490120019e-14
220.30000000000001,-51.899999999999999,-206.69999999999999,11.1,61,94.900000000000006,88.299999999999997,1.5,1.2,1000,1000,1.1730071124496644e-12,3.8287694454193115,1.9508669040022714e-13,2.7157044516813722e-13,6.2126492101841069e-13,1.3540347669320236e-14,2.5825978657609099e-14,4.5718589775523705e-14
223.61000000000001,-50.630000000000003,-201.59,11.470000000000001,63,95.730000000000004,88.909999999999997,1.55,1.24,1000,1000,1.1260643025673422e-12,3.7268164157867432,1.9437684968537372e-13,2.6763937203619359e-13,5.8606662274932053e-13,1.15550430484254e-14,2.2982490747742307e-14,4.3443940393912694e-14
226.92000000000002,-49.359999999999999,-196.47999999999999,11.84,65,96.560000000000002,89.519999999999996,1.6000000000000001,1.28,1000,1000,1.0820490553911655e-12,3.6296398639678955,1.9367028868209207e-13,2.637691226461264e-13,5.5289502360125753e-13,9.9756882848646075e-15,2.0454481953146274e-14,4.1284585748950151e-14
230.23000000000002,-48.089999999999996,-191.36999999999998,12.209999999999999,67,97.390000000000001,90.129999999999995,1.6500000000000001,1.3200000000000001,1000,1000,1.0407202443579733e-12,3.5369377136230469,1.9296699383785504e-13,2.5995863990081747e-13,5.2163140343633452e-13,8.7219956666664648e-15,1.8206678433765541e-14,3.923457289308277e-14
233.54000000000002,-46.82,-186.25999999999999,12.58,69,98.219999999999999,90.739999999999995,1.7000000000000002,1.3600000000000001,1000,1000,1.001864715320655e-12,3.4484422206878662,1.9226697870518977e-13,2.5620692091325725e-13,4.9216446890154586e-13,7.7303699601511192e-15,1.6207785710330852e-14,3.728825381061826e-14
236.85000000000002,-45.549999999999997,-181.14999999999998,12.949999999999999,71,99.049999999999997,91.349999999999994,1.75,1.4000000000000001,1000,1000,9.6529349184054647e-13,3.3639187812805176,1.9157020262651481e-13,2.5251301700654483e-13,4.6438910659626909e-13,6.950808692859781e-15,1.4430027878435843e-14,3.5440298970252498e-14
240.16,-44.280000000000001,-176.03999999999999,13.32,73,99.879999999999995,91.960000000000008,1.8,1.4399999999999999,1000,1000,9.3083819732026063e-13,3.2831554412841797,1.9087663849677583e-13,2.4887600660883358e-13,4.3820678964807958e-13,6.3443212441644404e-15,1.2848764749644886e-14,3.3685643114960903e-14
243.47,-43.009999999999998,-170.92999999999998,13.69,75,100.70999999999999,92.569999999999993,1.8500000000000001,1.48,1000,1000,8.9834829028814789e-13,3.2059640884399414,1.9018628631597284e-13,2.4529496814827689e-13,4.1352476456112119e-13,5.8807282536709003e-15,1.1442109839633879e-14,3.2019492038262015e-14
246.78,-41.740000000000002,-165.81999999999999,14.06,77,101.53999999999999,93.180000000000007,1.9000000000000001,1.52,1000,1000,8.6768840810297343e-13,3.1321766376495361,1.8949909187399722e-13,2.4176895294797385e-13,3.9025548200996574e-13,5.5369561203794798e-15,1.0190633059625753e-14,3.0437295479163184e-14
250.09,-40.469999999999999,-160.70999999999998,14.43,79,102.37,93.789999999999992,1.9500000000000002,1.5600000000000001,1000,1000,8.3873674065065851e-13,3.0616393089294434,1.8881508227590327e-13,2.3829709364618645e-13,3.6831713894069917e-13,5.2955873057957889e-15,9.0770981361768324e-15,2.8934753898424148e-14
253.40000000000001,-39.200000000000003,-155.59999999999999,14.800000000000001,81,103.19999999999999,94.400000000000006,2,1.6000000000000001,1000,1000,8.113826993096096e-13,2.9942140579223633,1.8813423041663668e-13,2.3487852288117672e-13,3.4763218779293448e-13,5.1437579205498764e-15,8.0861754670077078e-15,2.7507777820975562e-14
256.71000000000004,-37.93,-150.48999999999998,15.17,83,104.03,95.009999999999991,2.0500000000000003,1.6400000000000001,1000,1000,7.855257785384373e-13,2.9297730922698975,1.8745652274367031e-13,2.3151229197604373e-13,3.2812795991606081e-13,5.0722471639779321e-15,7.2042625500184226e-15,2.615251324690742e-14
260.01999999999998,-36.659999999999997,-145.38,15.539999999999999,85,104.86,95.620000000000005,2.1000000000000001,1.6799999999999999,1000,1000,7.6107463430410971e-13,2.8682019710540771,1.8678189149436836e-13,2.2819761488421242e-13,3.0973579820750552e-13,5.074746334688806e-15,6.4192743426340262e-15,2.4865265418503799e-14
263.33000000000004,-35.390000000000001,-140.26999999999998,15.91,87,105.69,96.230000000000004,2.1499999999999999,1.72,1000,1000,7.3794572882923681e-13,2.8093924522399902,1.8611040443136662e-13,2.2493363779647196e-13,2.9239140947844022e-13,5.1472714132150873e-15,5.7204793609292801e-15,2.3642571665076322e-14
266.63999999999999,-34.119999999999997,-135.16,16.280000000000001,89,106.52,96.840000000000003,2.2000000000000002,1.76,1000,1000,7.1606278849098426e-13,2.753248929977417,1.8544196668697499e-13,2.2171953400866584e-13,2.7603415972236867e-13,5.2876048673008644e-15,5.0983400139181009e-15,2.2481126864064803e-14
269.94999999999999,-32.850000000000001,-130.04999999999998,16.649999999999999,91,107.34999999999999,97.450000000000003,2.25,1.8,1000,1000,6.9535506909759737e-13,2.6996784210205078,1.8477659181372064e-13,2.18554517474219e-13,2.606069927999638e-13,5.494813266638263e-15,4.5443868191608928e-15,2.137782240455282e-14
273.25999999999999,-31.579999999999998,-124.94,17.02,93,108.18000000000001,98.060000000000002,2.3000000000000003,1.8400000000000001,1000,1000,6.757577353591615e-13,2.6485953330993652,1.8411427981160355e-13,2.1543776148897492e-13,2.4605618649357897e-13,5.7686895116716794e-15,4.0510883832071444e-15,2.0329685200895509e-14
276.56999999999999,-30.310000000000002,-119.82999999999998,17.390000000000001,95,109.00999999999999,98.670000000000002,2.3500000000000001,1.8800000000000001,1000,1000,6.5720947564282262e-13,2.5999162197113037,1.8345500357556943e-13,2.1236850711141286e-13,2.3233110856175909e-13,6.109181086358384e-15,3.6117510281911784e-15,1.9333904797773881e-14
279.88,-29.039999999999999,-114.71999999999997,17.759999999999998,97,109.84,99.280000000000001,2.4000000000000004,1.9199999999999999,1000,1000,6.3965288144354759e-13,2.5535597801208496,1.827987224480368e-13,2.0934596829495777e-13,2.1938421673924069e-13,6.5157530893921855e-15,3.2204298533726906e-15,1.8387823205799451e-14
283.19,-27.769999999999996,-109.60999999999999,18.129999999999999,99,110.66999999999999,99.890000000000001,2.4500000000000002,1.96,1000,1000,6.2303282108086555e-13,2.5094411373138428,1.8214546353405997e-13,2.0636942675567038e-13,2.0717063860861001e-13,6.9865598359810169e-15,2.8718355615125514e-15,1.748891118459172e-14
286.5,-26.5,-104.49999999999997,18.5,101,111.5,100.5,2.5,2,1000,1000,6.0729503023604359e-13,2.467470645904541,1.8149515907100316e-13,2.0343805578939417e-13,1.9564818515283022e-13,7.5176545761071467e-15,2.5612666962370259e-15,1.6634778407173534e-14
289.81,-25.230000000000004,-99.389999999999986,18.870000000000001,103,112.33,101.11,2.5500000000000003,2.04,1000,1000,5.9238573248132642e-13,2.4275496006011963,1.8084783616392069e-13,2.0055120487482564e-13,1.847770661521711e-13,8.1019633141115807e-15,2.2845427264349405e-15,1.5823139578653202e-14
293.12,-23.959999999999994,-94.279999999999973,19.239999999999998,105,113.16,101.72,2.6000000000000001,2.0800000000000001,1000,1000,5.7824995876656904e-13,2.3895654678344727,1.802034812602854e-13,1.9770814217549837e-13,1.7452002570948061e-13,8.728471233548224e-15,2.0379508949402428e-15,1.5051865258201326e-14
296.43000000000001,-22.689999999999998,-89.169999999999959,19.609999999999999,107,113.98999999999999,102.33,2.6500000000000004,2.1200000000000001,1000,1000,5.6483035479684696e-13,2.3533880710601807,1.7956202659746151e-13,1.949081765125274e-13,1.6484171883393572e-13,9.3813455945669991e-15,1.8181820557862469e-15,1.4318888685426606e-14
299.74000000000001,-21.420000000000002,-84.060000000000002,19.98,109,114.81999999999999,102.94,2.7000000000000002,2.1600000000000001,1000,1000,5.5206701840213035e-13,2.3188669681549072,1.7892351283303048e-13,1.9215053539186483e-13,1.5570888762389545e-13,1.0039469018759909e-14,1.6222954164592045e-15,1.362227947224225e-14
303.05000000000001,-20.150000000000006,-78.949999999999989,20.350000000000001,111,115.65000000000001,103.55,2.75,2.2000000000000002,1000,1000,5.3989733690695818e-13,2.2858319282531738,1.782878857568837e-13,1.8943463605484295e-13,1.4709042902953662e-13,1.0676519110258079e-14,1.4476781979541912e-15,1.2960209721548082e-14
306.36000000000001,-18.879999999999995,-73.839999999999975,20.719999999999999,113,116.47999999999999,104.16,2.8000000000000003,2.2400000000000002,1000,1000,5.2825609555065545e-13,2.2540929317474365,1.7765515892154832e-13,1.8675973311246818e-13,1.3895683919924046e-13,1.1261482604730741e-14,1.2920013773036129e-15,1.2330920992945603e-14
309.67000000000002,-17.609999999999999,-68.729999999999961,21.09,115,117.31,104.77,2.8500000000000001,2.2800000000000002,1000,1000,5.1707715800070053e-13,2.2234461307525635,1.7702529166944286e-13,1.8412520314849135e-13,1.3128036255739134e-13,1.1760345200115003e-14,1.1531949118634985e-15,1.1732767501418297e-14
312.98000000000002,-16.340000000000003,-63.620000000000005,21.460000000000001,117,118.14,105.38,2.9000000000000004,2.3199999999999998,1000,1000,5.0629558054696155e-13,2.1936826705932617,1.7639828400056734e-13,1.815304091941361e-13,1.2403508667206686e-13,1.2138237091071247e-14,1.0294192578306485e-15,1.1164188165244376e-14
316.28999999999996,-15.069999999999993,-58.509999999999991,21.829999999999998,119,118.97,105.99000000000001,2.9500000000000002,2.3599999999999999,1000,1000,4.9585032260712758e-13,2.164600133895874,1.7577410880986744e-13,1.7897471428062611e-13,1.1719616976098995e-13,1.2362589860777547e-14,9.1903074777091587e-16,1.0623677806876567e-14
319.60000000000002,-13.799999999999997,-53.399999999999977,22.199999999999999,121,119.8,106.59999999999999,3,2.3999999999999999,1000,1000,4.8568793301409507e-13,2.1360173225402832,1.751527796498703e-13,1.7645746788665789e-13,1.1074064706689465e-13,1.2406627950738245e-14,8.2057312028973369e-16,1.0109840516017796e-14
322.90999999999997,-12.530000000000001,-48.289999999999964,22.57,123,120.63,107.21000000000001,3.0500000000000003,2.4399999999999999,1000,1000,4.7576553157194224e-13,2.1077899932861328,1.7453424231046732e-13,1.7397806014850942e-13,1.0464652283820666e-13,1.225262296136731e-14,7.3274490926364573e-16,9.6213227340183512e-15
326.22000000000003,-11.260000000000005,-43.180000000000007,22.940000000000001,125,121.46000000000001,107.81999999999999,3.1000000000000001,2.48,1000,1000,4.6605384482201195e-13,2.0798225402832031,1.7391851034418565e-13,1.7153592186004013e-13,9.8893373416501784e-14,1.1894837938512988e-14,6.5439139702730756e-16,9.1568683110174534e-15
329.52999999999997,-9.9899999999999949,-38.069999999999993,23.309999999999999,127,122.28999999999999,108.43000000000001,3.1500000000000004,2.52,1000,1000,4.5653823603497568e-13,2.0520777702331543,1.7330554309344381e-13,1.6913040249994654e-13,9.3461669610148124e-14,1.134088008507457e-14,5.8448073863228583e-16,8.7152524373733734e-15
332.84000000000003,-8.7199999999999989,-32.95999999999998,23.68,129,123.12,109.03999999999999,3.2000000000000002,2.5600000000000001,1000,1000,4.472189220512679e-13,2.0245769023895264,1.7269534055824182e-13,1.6676095996714241e-13,8.8333284914074439e-14,1.061190489594268e-14,5.2209787379774988e-16,8.2953477122333155e-15
336.14999999999998,-7.4500000000000028,-27.849999999999966,0.050000000000000711,131,123.94999999999999,109.65000000000001,3.25,2.6000000000000001,1000,1000,4.381090217171757e-13,1.9973965883255005,1.720878891860525e-13,1.6442701150296002e-13,8.3490960184947477e-14,9.7406806877147964e-15,4.6642530985048091e-16,7.8960538397987966e-15
339.46000000000004,-6.1799999999999926,-22.739999999999952,0.41999999999999815,133,124.78,110.25999999999999,3.3000000000000003,2.6400000000000001,1000,1000,4.2923119485810401e-13,1.9706555604934692,1.7148317542434871e-13,1.6212796079620451e-13,7.8918466271497845e-14,8.7685231864591436e-15,4.1673549842834666e-16,7.5163492983354278e-15
342.76999999999998,-4.9099999999999966,-17.629999999999995,0.78999999999999915,135,125.61,110.87,3.3500000000000001,2.6800000000000002,1000,1000,4.2061363073053748e-13,1.9444994926452637,1.7088118572060329e-13,1.5986331995589825e-13,7.4600563356938543e-14,7.7409629541894814e-15,3.7238088284317124e-16,7.1552532236902888e-15
346.08000000000004,-3.6400000000000006,-12.519999999999982,1.1600000000000001,137,126.44,111.47999999999999,3.4000000000000004,2.7200000000000002,1000,1000,4.1228503358699264e-13,1.9190798997879028,1.7028187941723477e-13,1.5763247911831924e-13,7.0522817999848358e-14,6.7032451028163458e-15,3.3278407779250283e-16,6.8118355736872943e-15
349.38999999999999,-2.3700000000000045,-7.4099999999999682,1.5300000000000011,139,127.27,112.09,3.4500000000000002,2.7600000000000002,1000,1000,4.0427066533808842e-13,1.8945364952087402,1.6968527006677031e-13,1.5543490973490837e-13,6.6671637015489754e-14,5.6962211843528641e-15,2.9743045782132523e-16,6.4852133164789317e-15
352.70000000000005,-1.0999999999999943,-2.2999999999999545,1.8999999999999986,141,128.09999999999999,112.69999999999999,3.5,2.8000000000000003,1000,1000,3.9658941820668037e-13,1.8709844350814819,1.6909135766920991e-13,1.5327011036216087e-13,6.3034287804599604e-14,4.7532126279110735e-15,2.6586241337988432e-16,6.1745512775792082e-15
356.00999999999999,0.17000000000000171,2.8100000000000023,2.2699999999999996,143,128.93000000000001,113.31,3.5500000000000003,2.8399999999999999,1000,1000,3.8925129395780966e-13,1.8485018014907837,1.6850008801444494e-13,1.5113756600404482e-13,5.9598674736691115e-14,3.8982277353479498e-15,2.3767109225245227e-16,5.8790570576659675e-15
359.31999999999999,1.4399999999999977,7.9200000000000159,2.6400000000000006,145,129.75999999999999,113.92,3.6000000000000001,2.8799999999999999,1000,1000,3.8225764784419192e-13,1.8271286487579346,1.679114611024754e-13,1.4903674811200113e-13,5.6353403524557824e-14,3.1455449410553588e-15,2.1249241585549755e-16,5.5979738328008379e-15
362.63,2.710000000000008,13.03000000000003,3.009999999999998,147,130.59,114.53,3.6500000000000004,2.9199999999999999,1000,1000,3.7560151386686891e-13,1.8068675994873047,1.673254769333013e-13,1.4696714168999786e-13,5.3287818493723271e-14,2.5004986467768711e-15,1.9000236761691579e-16,5.3305884012422311e-15
365.94,3.980000000000004,18.140000000000043,3.379999999999999,149,131.41999999999999,115.14,3.7000000000000002,2.96,1000,1000,3.6926939370879319e-13,1.7876908779144287,1.6674212195439547e-13,1.4492829950463887e-13,5.0391782353874717e-14,1.9610466560766567e-15,1.6991143432231343e-16,5.0762193249840812e-15
369.25,5.25,23.25,3.75,151,132.25,115.75,3.75,3,1000,1000,3.6324269330270664e-13,1.7695443630218506,1.6616136906070361e-13,1.4291969300736507e-13,4.7655730408971766e-14,1.5197667368752814e-15,1.5196144297634532e-16,4.8342198943711594e-15
372.56,6.519999999999996,28.360000000000014,4.120000000000001,153,133.07999999999998,116.36,3.8000000000000003,3.04,1000,1000,3.5750054175678891e-13,1.7523620128631592,1.6558317759464425e-13,1.4094086141225315e-13,4.5070724767354992e-14,1.1658717128312248e-15,1.3592280794563614e-16,4.6039789751320219e-15
375.87,7.7900000000000063,33.470000000000027,4.4899999999999984,155,133.91,116.97,3.8500000000000001,3.0800000000000001,1000,1000,3.5202065871639543e-13,1.7360677719116211,1.6500760176632601e-13,1.389913168283255e-13,4.2628264606365748e-14,8.8698426206317428e-16,1.2159015021025632e-16,4.3849142321154312e-15
379.18000000000001,9.0600000000000023,38.580000000000041,4.8599999999999994,157,134.74000000000001,117.58,3.9000000000000004,3.1200000000000001,1000,1000,3.467814143481851e-13,1.7205854654312134,1.6443457381311311e-13,1.3707065267976742e-13,4.0320387816299846e-14,6.7053192747459347e-16,1.0878086137817866e-16,4.1764738233562512e-15
382.49000000000001,10.329999999999998,43.689999999999998,5.2300000000000004,159,135.56999999999999,118.19,3.9500000000000002,3.1600000000000001,1000,1000,3.4176210039066346e-13,1.7058407068252563,1.6386409373500554e-13,1.3517834041801985e-13,3.813952869887241e-14,5.0470436986323804e-16,9.733159643948109e-17,3.9781313178777634e-15
385.80000000000001,11.599999999999994,48.800000000000011,5.6000000000000014,161,136.39999999999998,118.8,4,3.2000000000000002,1000,1000,3.3694420409173531e-13,1.6917669773101807,1.6329614797947617e-13,1.3331397346726809e-13,3.6078595894249027e-14,3.7902043000956288e-16,8.7096837780803276e-17,3.7893890838234558e-15
389.11000000000001,12.870000000000005,53.910000000000025,5.9699999999999989,163,137.22999999999999,119.41,4.0499999999999998,3.2400000000000002,1000,1000,3.3231105584299869e-13,1.6783032417297363,1.6273073654652498e-13,1.314771316991703e-13,3.4130911394673544e-14,2.8457495937150791e-16,7.7946923186766306e-17,3.6097736297758132e-15
392.42000000000002,14.140000000000001,59.020000000000039,6.3399999999999999,165,138.06,120.02,4.1000000000000005,3.2800000000000002,1000,1000,3.2784793759996211e-13,1.6653964519500732,1.6216783233109766e-13,1.2966734077527603e-13,3.2290102124250819e-14,2.1406007531751825e-16,6.9765696647033036e-17,3.4388345459651333e-15
395.73000000000002,15.409999999999997,64.130000000000052,6.7100000000000009,167,138.88999999999999,120.63,4.1500000000000004,3.3200000000000003,1000,1000,3.2354213709215318e-13,1.6530015468597412,1.6160739467561275e-13,1.278842212248249e-13,3.0550245628613651e-14,1.6164460451534827e-16,6.2450018665385454e-17,3.2761483159177889e-15
399.04000000000002,16.680000000000007,69.240000000000009,7.0799999999999983,169,139.72,121.24000000000001,4.2000000000000002,3.3599999999999999,1000,1000,3.1938251414224961e-13,1.6410781145095825,1.6104949134270602e-13,1.2612732581442077e-13,2.8905710832728693e-14,1.2277975504511578e-16,5.5907549415683039e-17,3.1213053992037824e-15
402.35000000000002,17.950000000000003,74.350000000000023,7.4499999999999993,171,140.55000000000001,121.84999999999999,4.25,3.3999999999999999,1000,1000,3.1535941935091627e-13,1.6295926570892334,1.6049402746468738e-13,1.2439624796824894e-13,2.7351185145950765e-14,9.3983209024535837e-17,5.0055928178695112e-17,2.9739244192386128e-15
405.66000000000003,19.219999999999999,79.460000000000036,7.8200000000000003,173,141.38,122.46000000000001,4.2999999999999998,3.4399999999999999,1000,1000,3.1146436883615347e-13,1.6185166835784912,1.5994100304155684e-13,1.2269060821554906e-13,2.5881657521363913e-14,7.2627470251225595e-17,4.4821598745631007e-17,2.8336343755913825e-15
408.97000000000003,20.489999999999995,84.57000000000005,8.1899999999999977,175,142.20999999999998,123.06999999999999,4.3500000000000005,3.48,1000,1000,3.0768980028780812e-13,1.6078238487243652,1.593904451783687e-13,1.2100995932292496e-13,2.4492404903254245e-14,5.6753516954308371e-17,4.0138949150303019e-17,2.7000901023360854e-15
412.28000000000003,21.760000000000005,89.680000000000007,8.5600000000000023,177,143.03999999999999,123.68000000000001,4.4000000000000004,3.52,1000,1000,3.0402910007262807e-13,1.597491979598999,1.5884232677006865e-13,1.1935397602972492e-13,2.317898206271457e-14,4.4913223887722281e-17,3.5949415005342392e-17,2.5729608331068188e-15
415.59000000000003,23.030000000000001,94.79000000000002,8.9299999999999997,179,143.87,124.28999999999999,4.4500000000000002,3.5600000000000001,1000,1000,3.0047611534328444e-13,1.5875014066696167,1.5829659360654807e-13,1.1772218399749845e-13,2.1937153835008619e-14,3.6043022072181343e-17,3.2200579529692867e-17,2.4519321069219144e-15
418.89999999999998,24.299999999999997,99.900000000000034,9.2999999999999972,181,144.69999999999999,124.90000000000001,4.5,3.6000000000000001,1000,1000,2.9702550640407777e-13,1.5778340101242065,1.5775329989791559e-13,1.1611431217570245e-13,2.0762995069458813e-14,2.9365070564310093e-17,2.8845839367643207e-17,2.3367076740080702e-15
422.20999999999998,25.570000000000007,105.01000000000005,9.6700000000000017,183,145.53,125.50999999999999,4.5499999999999998,3.6400000000000001,1000,1000,2.9367220460985166e-13,1.5684736967086792,1.5721239143406257e-13,1.1452994043599507e-13,1.9652741551647555e-14,2.4311708396937889e-17,2.5843387156673755e-17,2.2270031430532454e-15
425.51999999999998,26.840000000000003,110.12,10.039999999999999,185,146.36000000000001,126.12,4.6000000000000005,3.6800000000000002,1000,1000,2.9041157499631876e-13,1.5594055652618408,1.5667386821498902e-13,1.129687028601431e-13,1.8602847601657639e-14,2.046897964995747e-17,2.3155925322964496e-17,2.1225480987890292e-15
428.82999999999998,28.109999999999999,115.23000000000002,10.409999999999997,187,147.19,126.72999999999999,4.6500000000000004,3.7200000000000002,1000,1000,2.8723925364973479e-13,1.5506154298782349,1.5613768958311347e-13,1.1143019964859543e-13,1.7609969133413304e-14,1.7534913768950227e-17,2.0750105252939742e-17,2.0230871607818243e-15
432.13999999999999,29.379999999999995,120.34000000000003,10.780000000000001,189,148.01999999999998,127.34,4.7000000000000002,3.7600000000000002,1000,1000,2.8415131033722452e-13,1.5420907735824585,1.5560388264349023e-13,1.0991416652707253e-13,1.6670994147866339e-14,1.5288797459791087e-17,1.8596284102168043e-17,1.928377018817532e-15
435.44999999999999,30.650000000000006,125.45000000000005,11.149999999999999,191,148.84999999999999,127.94999999999999,4.75,3.8000000000000003,1000,1000,2.8114395035118422e-13,1.5338195562362671,1.5507242029106499e-13,1.084201698147054e-13,1.5782915678053989e-14,1.356893924660247e-17,1.6667773715365988e-17,1.8381862211433149e-15
438.75999999999999,31.920000000000002,130.56000000000006,11.519999999999996,193,149.68000000000001,128.56,4.8000000000000007,3.8399999999999999,1000,1000,2.7821362292949903e-13,1.5257900953292847,1.5454327542078344e-13,1.0694793168468733e-13,1.4942948679645685e-14,1.2256527042100323e-17,1.4940867096177807e-17,1.7522959156214264e-15
442.06999999999999,33.189999999999998,135.67000000000002,11.890000000000001,195,150.50999999999999,129.17000000000002,4.8500000000000005,3.8799999999999999,1000,1000,2.7535710257070578e-13,1.5179924964904785,1.5401646158517274e-13,1.0549706588999438e-13,1.4148436010285887e-14,1.1263964900957119e-17,1.33942999125966e-17,1.6704960380809473e-15
445.38,34.460000000000008,140.78000000000003,12.259999999999998,197,151.33999999999997,129.78,4.9000000000000004,3.9199999999999999,1000,1000,2.7257121798344996e-13,1.5104162693023682,1.5349195167917856e-13,1.0406727427502913e-13,1.3396881463879039e-14,1.0526463074514027e-17,1.2009102431634687e-17,1.5925899709989962e-15
448.69,35.730000000000004,145.89000000000004,12.630000000000003,199,152.17000000000002,130.38999999999999,4.9500000000000002,3.96,1000,1000,2.6985304182186587e-13,1.5030522346496582,1.5296971859774661e-13,1.0265824513166696e-13,1.2685926053667036e-14,9.9958300202837104e-18,1.0768310006109219e-17,1.5183872378415593e-15
452,37,151.00000000000006,13,201,153,131,5,4,1000,1000,2.6719975516030503e-13,1.4958910942077637,1.5244978944593118e-13,1.0126961254167469e-13,1.2013331071570287e-14,9.6360618749241844e-18,9.6567298097094344e-18,1.4477089028985292e-15
455.31,38.27000000000001,156.11000000000001,13.369999999999997,203,153.82999999999998,131.61000000000001,5.0500000000000007,4.04,1000,1000,2.6460867459839055e-13,1.4889241456985474,1.5193211001362367e-13,9.9901091901982014e-14,1.1377003499176124e-14,9.4199841009518574e-18,8.6608184142660025e-18,1.380384289031034e-15
458.62,39.539999999999992,161.22000000000003,13.740000000000002,205,154.66,132.22,5.1000000000000005,4.0800000000000001,1000,1000,2.6207738778628864e-13,1.482143759727478,1.5141669385335121e-13,9.8552385056991515e-14,1.0774951962025554e-14,9.3267625002783563e-18,7.7684402530121577e-18,1.3162521423417404e-15
461.93000000000001,40.810000000000002,166.33000000000004,14.109999999999999,207,155.49000000000001,132.82999999999998,5.1500000000000004,4.1200000000000001,1000,1000,2.596034281640569e-13,1.4755414724349976,1.5090352741258667e-13,9.7223146417260708e-14,1.0205294352909778e-14,9.339898955586311e-18,6.9687402347693667e-18,1.2551569264057085e-15
465.24000000000001,42.080000000000013,171.44000000000005,14.479999999999997,209,156.31999999999999,133.44,5.2000000000000002,4.1600000000000001,1000,1000,2.5718460022229606e-13,1.4691106081008911,1.5039259713880287e-13,9.5913104932246473e-14,9.6662620670349281e-15,9.4457582216583972e-18,6.2520188396748327e-18,1.196952210402182e-15
468.55000000000001,43.349999999999994,176.55000000000007,14.850000000000001,211,157.14999999999998,134.05000000000001,5.25,4.2000000000000002,1000,1000,2.5481873555666112e-13,1.4628440141677856,1.4988388947947268e-13,9.4621942117560642e-14,9.1561805202642829e-15,9.6322659430931786e-18,5.6095989431028744e-18,1.1414996103234032e-15
471.86000000000001,44.620000000000005,181.66000000000008,15.219999999999999,213,157.97999999999999,134.66,5.3000000000000007,4.2400000000000002,1000,1000,2.5250388260324164e-13,1.4567352533340454,1.4937739088206892e-13,9.334940047518725e-14,8.6734750783488967e-15,9.8878167758965361e-18,5.0337236588592758e-18,1.0886662478757714e-15
475.17000000000002,45.890000000000015,186.76999999999998,15.589999999999996,215,158.81,135.26999999999998,5.3500000000000005,4.2800000000000002,1000,1000,2.5023800848296418e-13,1.4507771730422974,1.4887311489911875e-13,9.2095208954583174e-14,8.2166524222027602e-15,1.0200385168323174e-17,4.5174450833888977e-18,1.0383258092710275e-15
478.48000000000002,47.159999999999997,191.88,15.960000000000001,217,159.63999999999999,135.88,5.4000000000000004,4.3200000000000003,1000,1000,2.4801929715718984e-13,1.4449645280838013,1.4837100732051356e-13,9.0859015190042358e-14,7.7842937716392224e-15,1.0556775935241646e-17,4.0545395097628912e-18,9.9035833346801643e-16
481.79000000000002,48.430000000000007,196.99000000000001,16.329999999999998,219,160.47,136.49000000000001,5.4500000000000002,4.3600000000000003,1000,1000,2.4584595969233403e-13,1.4392907619476318,1.4787106814625334e-13,8.964061589365746e-14,7.3750718260299358e-15,1.0942127949766824e-17,3.639449938626125e-18,9.4465074156827988e-16
485.10000000000002,49.699999999999989,202.10000000000002,16.700000000000003,221,161.30000000000001,137.09999999999999,5.5,4.4000000000000004,1000,1000,2.4371642399524662e-13,1.4337508678436279,1.4737331092886524e-13,8.8439699357303891e-14,6.9877278944152806e-15,1.1339527849913838e-17,3.2671955019201111e-18,9.0109323692602996e-16
488.41000000000003,50.969999999999999,207.21000000000004,17.07,223,162.13,137.70999999999998,5.5500000000000007,4.4400000000000004,1000,1000,2.4162906376266891e-13,1.4283397197723389,1.4687769501076781e-13,8.7256035188019998e-14,6.6210769777020478e-15,1.1730072077144012e-17,2.9333265883347735e-18,8.5958364619200412e-16
491.72000000000003,52.240000000000009,212.32000000000005,17.439999999999998,225,162.95999999999998,138.31999999999999,5.6000000000000005,4.4800000000000004,1000,1000,2.3958225269134215e-13,1.4230514764785767,1.4638422039196103e-13,8.6089298125154035e-14,6.2739848987738642e-15,1.20931522536762e-17,2.6338439864035716e-18,8.2002334296740645e-16
495.03000000000003,53.509999999999991,217.43000000000006,17.810000000000002,227,163.78999999999999,138.93000000000001,5.6500000000000004,4.5200000000000005,1000,1000,2.3757466263360505e-13,1.4178818464279175,1.4589290062497207e-13,8.4939271328271504e-14,5.9453996427102397e-15,1.2407139260853366e-17,2.365185856408852e-18,7.8231952420495339e-16
498.34000000000003,54.780000000000001,222.54000000000008,18.18,229,164.62,139.53999999999999,5.7000000000000002,4.5600000000000005,1000,1000,2.3560488412663338e-13,1.4128261804580688,1.4540366794716514e-13,8.3805717628147175e-14,5.6343191695345726e-15,1.2650498278608304e-17,2.1241541113073315e-18,7.4638351614297925e-16
501.65000000000003,56.050000000000011,227.65000000000009,18.549999999999997,231,165.44999999999999,140.14999999999998,5.75,4.6000000000000005,1000,1000,2.3367153481265723e-13,1.4078794717788696,1.4491657656864887e-13,8.268835242171077e-14,5.3397901436647282e-15,1.2802956764488566e-17,1.9078823634813608e-18,7.1213013903072579e-16
504.95999999999998,57.319999999999993,232.75999999999999,18.920000000000002,233,166.28,140.75999999999999,5.8000000000000007,4.6399999999999997,1000,1000,2.3177347627939549e-13,1.4030381441116333,1.4443158583184179e-13,8.1586938539737058e-14,5.0609176747919322e-15,1.2847219199066278e-17,1.7138064564296021e-18,6.7947945413379587e-16
508.26999999999998,58.590000000000003,237.87,19.289999999999999,235,167.11000000000001,141.37,5.8500000000000005,4.6799999999999997,1000,1000,2.2990943458929547e-13,1.3982980251312256,1.4394866863168959e-13,8.0501238813000808e-14,4.7968619297489822e-15,1.2770286439015171e-17,1.5396342726746709e-18,6.4835575788252863e-16
511.57999999999998,59.860000000000014,242.98000000000002,19.659999999999997,237,167.94,141.98000000000002,5.9000000000000004,4.7199999999999998,1000,1000,2.2807829843513039e-13,1.3936551809310913,1.4346783852071943e-13,7.9431016072276789e-14,4.5468169566865654e-15,1.2564709722919205e-17,1.3833054087082742e-18,6.1868509371271695e-16
514.88999999999999,61.129999999999995,248.09000000000003,20.030000000000001,239,168.76999999999998,142.59,5.9500000000000002,4.7599999999999998,1000,1000,2.2627901071978207e-13,1.3891061544418335,1.4298906839387698e-13,7.8376033148339769e-14,4.3100255081498368e-15,1.2229567571575995e-17,1.242976389137761e-18,5.9039879901607402e-16
518.20000000000005,62.400000000000006,253.20000000000005,20.399999999999999,241,169.59999999999999,143.19999999999999,6,4.7999999999999998,1000,1000,2.2451048724107803e-13,1.3846473693847656,1.4251234469863511e-13,7.7336039319437361e-14,4.0857752294301553e-15,1.1770669274427502e-17,1.1169971954362412e-18,5.6343128167874682e-16
521.50999999999999,63.670000000000016,258.31000000000006,20.769999999999996,243,170.43000000000001,143.81,6.0500000000000007,4.8399999999999999,1000,1000,2.2277183353222596e-13,1.3802758455276489,1.4203768098752095e-13,7.6310838073925802e-14,3.8733948469168219e-15,1.1200247178372159e-17,1.0038915170054607e-18,5.3771980832307935e-16
524.81999999999994,64.939999999999998,263.42000000000007,21.140000000000001,245,171.25999999999999,144.42000000000002,6.1000000000000005,4.8799999999999999,1000,1000,2.2106212802137926e-13,1.3759883642196655,1.4156503660295305e-13,7.5300205795107017e-14,3.6722440037017124e-15,1.0535964898210424e-17,9.0233172896227191e-19,5.1320476900540857e-16
528.13,66.210000000000008,268.53000000000009,21.509999999999998,247,172.08999999999997,145.03,6.1500000000000004,4.9199999999999999,1000,1000,2.1938046268921846e-13,1.3717824220657349,1.4109442509745856e-13,7.4303884984965041e-14,3.4817130478210405e-15,9.799525171673851e-18,8.1112757010399935e-19,4.8982904194135404e-16
531.44000000000005,67.47999999999999,273.63999999999999,21.880000000000003,249,172.92000000000002,145.63999999999999,6.2000000000000002,4.96,1000,1000,2.1772609214674998e-13,1.3676551580429077,1.4062584647103749e-13,7.3321713013174e-14,3.3012410317054871e-15,9.0148897667468758e-18,7.2921838809019688e-19,4.6753942287391633e-16
534.75,68.75,278.75,22.25,251,173.75,146.25,6.25,5,1000,1000,2.1609813547970869e-13,1.363603949546814,1.4015926006610835e-13,7.2353439157981508e-14,3.1302831014117308e-15,8.2064150165661223e-18,6.5564754854244691e-19,4.4628418985375373e-16
538.05999999999995,70.02000000000001,283.86000000000001,22.619999999999997,253,174.57999999999998,146.86000000000001,6.3000000000000007,5.04,1000,1000,2.144958744041553e-13,1.3596264123916626,1.3969467943519831e-13,7.1398853355216646e-14,2.9683272255231563e-15,7.3971387283718049e-18,5.8955824744250937e-19,4.2601365910455386e-16
541.37,71.289999999999992,288.97000000000003,22.990000000000002,255,175.41,147.47,6.3500000000000005,5.0800000000000001,1000,1000,2.1291854997856907e-13,1.3557202816009521,1.3923205036819875e-13,7.0457772645762806e-14,2.8148969480069333e-15,6.6075137699899097e-18,5.3018591141044385e-19,4.06682487893859e-16
544.68000000000006,72.560000000000002,294.08000000000004,23.359999999999999,257,176.24000000000001,148.07999999999998,6.4000000000000004,5.1200000000000001,1000,1000,2.1136552523417368e-13,1.3518828153610229,1.3877142707521828e-13,6.9529993741712648e-14,2.6695348710715442e-15,5.8543211545073002e-18,4.7684186088751164e-19,3.8824588935458309e-16
547.99000000000001,73.830000000000013,299.19000000000005,23.729999999999997,259,177.06999999999999,148.69,6.4500000000000002,5.1600000000000001,1000,1000,2.0983608188702985e-13,1.3481127023696899,1.3831275534614829e-13,6.8615272697577362e-14,2.5318035021997323e-15,5.1502428014853329e-18,4.289070545827934e-19,3.7066098244377139e-16
551.29999999999995,75.099999999999994,304.30000000000007,0.10000000000000142,261,177.89999999999998,149.30000000000001,6.5,5.2000000000000002,1000,1000,2.0832954231077977e-13,1.3444069623947144,1.3785602162846161e-13,6.7713446883031075e-14,2.4013011360162623e-15,4.5038677408144523e-18,3.8583030586499322e-19,3.5388864482717257e-16
554.61000000000001,76.370000000000005,309.41000000000008,0.46999999999999886,263,178.72999999999999,149.91,6.5500000000000007,5.2400000000000002,1000,1000,2.0684537795686436e-13,1.3407642841339111,1.3740125302721257e-13,6.6824333338957181e-14,2.2776413137389493e-15,3.9198840186163026e-18,3.4711533221597345e-19,3.3789001886833136e-16
557.92000000000007,77.640000000000015,314.5200000000001,0.83999999999999631,265,179.56,150.51999999999998,6.6000000000000005,5.2800000000000002,1000,1000,2.0538295185650729e-13,1.3371825218200684,1.3694839533229253e-13,6.5947749106239073e-14,2.1604617170246053e-15,3.3997030118110525e-18,3.1231757575527511e-19,3.2262942330434465e-16
561.23000000000002,78.909999999999997,319.63,1.2100000000000009,267,180.38999999999999,151.13,6.6500000000000004,5.3200000000000003,1000,1000,2.0394164059345937e-13,1.3336595296859741,1.3649747564875581e-13,6.5083450239387941e-14,2.0494118859913039e-15,2.9420473467377669e-18,2.8103582803641584e-19,3.0807130922120738e-16
564.53999999999996,80.180000000000007,324.74000000000001,1.5799999999999983,269,181.22,151.74000000000001,6.7000000000000002,5.3600000000000003,1000,1000,2.0252096982927015e-13,1.3301939964294434,1.360484939766024e-13,6.4231321541922959e-14,1.9441699481190884e-15,2.5437220382804598e-18,2.5291328987204972e-19,2.9418343642736468e-16
567.85000000000002,81.449999999999989,329.85000000000002,1.9500000000000028,271,182.05000000000001,152.34999999999999,6.75,5.4000000000000004,1000,1000,2.0112027549010897e-13,1.3267835378646851,1.3560138255319654e-13,6.3391119068355317e-14,1.8444231364921852e-15,2.200206751186682e-18,2.2762730912449279e-19,2.8093353826148207e-16
571.16000000000008,82.719999999999999,334.96000000000004,2.3200000000000003,273,182.88,152.95999999999998,6.8000000000000007,5.4400000000000004,1000,1000,1.9973916455268831e-13,1.3234270811080933,1.3515618203611968e-13,6.2562700517149877e-14,1.7498824011173437e-15,1.9062677069256573e-18,2.0489003986527366e-19,2.682924450264385e-16
574.47000000000003,83.990000000000009,340.07000000000005,2.6899999999999977,275,183.70999999999998,153.56999999999999,6.8500000000000005,5.4800000000000004,1000,1000,1.9837708136339477e-13,1.3201229572296143,1.3471285176779035e-13,6.1745882929190032e-14,1.6602713974955222e-15,1.656376133680658e-18,1.8444265211084566e-19,2.5623141054158651e-16
577.77999999999997,85.259999999999991,345.18000000000006,3.0600000000000023,277,184.53999999999999,154.18000000000001,6.9000000000000004,5.5200000000000005,1000,1000,1.9703356513630504e-13,1.3168690204620361,1.3427139174820857e-13,6.094050367414991e-14,1.575327545413072e-15,1.4450596113141862e-18,1.6605229451877511e-19,2.4472317093393635e-16
581.09000000000003,86.530000000000001,350.29000000000008,3.4299999999999997,279,185.37,154.78999999999999,6.9500000000000002,5.5600000000000005,1000,1000,1.9570814153296867e-13,1.3136645555496216,1.3383181552990148e-13,6.0146366240385746e-14,1.4948045700405787e-15,1.267136163481327e-18,1.4951058219818402e-19,2.337421828661724e-16
584.40000000000009,87.800000000000011,355.40000000000009,3.7999999999999972,281,186.19999999999999,155.39999999999998,7,5.6000000000000005,1000,1000,1.9440041753009812e-13,1.3105075359344482,1.3339409600781477e-13,5.936333510262598e-14,1.418469643196666e-15,1.117848674479288e-18,1.346304301589676e-19,2.2326382944326507e-16
587.71000000000004,89.069999999999993,-359.49000000000001,4.1700000000000017,283,187.03,156.00999999999999,7.0500000000000007,5.6399999999999997,1000,1000,1.9310991878924294e-13,1.3073968887329102,1.3295820607689413e-13,5.8591227301754006e-14,1.3460998893370874e-15,9.9293685396069123e-19,1.2124328742662112e-19,2.1326435403802184e-16
591.01999999999998,-89.659999999999997,-354.38,4.5399999999999991,285,187.86000000000001,156.62,7.1000000000000005,5.6799999999999997,1000,1000,1.9183626583964275e-13,1.3043317794799805,1.3252417284219387e-13,5.7829886983707529e-14,1.2774861972029896e-15,8.9656876163461497e-19,1.0919821938874778e-19,2.0372176026359369e-16
594.32999999999993,-88.389999999999986,-349.26999999999998,4.9099999999999966,287,188.69,157.23000000000002,7.1500000000000004,5.7199999999999998,1000,1000,1.9057907921053718e-13,1.3013104200363159,1.3209195564613252e-13,5.7079151518160676e-14,1.2124306787220703e-15,8.2757419542823806e-19,9.8359652435419851e-20,1.9461460759850327e-16
597.63999999999999,-87.120000000000005,-344.15999999999997,5.2800000000000011,289,189.51999999999998,157.84,7.2000000000000002,5.7599999999999998,1000,1000,1.8933796587863871e-13,1.2983318567276001,1.3166156804123724e-13,5.6338865051051151e-14,1.1507450808218023e-15,7.5757992975280254e-19,8.8605661436816725e-20,1.8592264666135525e-16
600.95000000000005,-85.849999999999994,-339.04999999999995,5.6499999999999986,291,190.34999999999999,158.44999999999999,7.25,5.7999999999999998,1000,1000,1.881125057156055e-13,1.2953945398330688,1.3123298292245372e-13,5.5608861563921294e-14,1.0922520559788541e-15,6.8762914275831433e-19,7.9826845294579726e-20,1.7762667362704863e-16
604.25999999999999,-84.579999999999984,-333.93999999999994,6.019999999999996,293,191.18000000000001,159.06,7.3000000000000007,5.8399999999999999,1000,1000,1.8690237346078581e-13,1.2924976348876953,1.3080620028978196e-13,5.4888991978972387e-14,1.0367828328784853e-15,6.1881696987700536e-19,7.1924821214603331e-20,1.69708172884752e-16
607.56999999999994,-83.310000000000002,-328.82999999999993,6.3900000000000006,295,192.00999999999999,159.67000000000002,7.3500000000000005,5.8799999999999999,1000,1000,1.8570728451110935e-13,1.2896403074264526,1.3038119303816764e-13,5.417912077093287e-14,9.8418039278809879e-16,5.5221083599058704e-19,6.4811559085135996e-20,1.6214970084970785e-16
610.88,-82.039999999999992,-323.71999999999991,6.759999999999998,297,192.83999999999997,160.28,7.4000000000000004,5.9199999999999999,1000,1000,1.8452685939581576e-13,1.2868210077285767,1.2995800182519224e-13,5.3479092085740448e-14,9.3429279917278066e-16,4.8877399292237735e-19,5.8407584943887276e-20,1.5493456832587732e-16
614.19000000000005,-80.77000000000001,-318.6099999999999,7.1300000000000026,299,193.66999999999999,160.88999999999999,7.4500000000000002,5.96,1000,1000,1.8336085416941622e-13,1.2840397357940674,1.2953657244074712e-13,5.2788767009991772e-14,8.869782798929843e-16,4.2930725490290421e-19,5.2641599699464221e-20,1.4804694638505858e-16
617.5,-79.5,-313.5,7.5,301,194.5,161.5,7.5,6,1000,1000,1.8220888936115037e-13,1.2812948226928711,1.291169048848323e-13,5.2107982913360967e-14,8.4210067440243855e-16,3.7441265432174136e-19,4.7449448386779954e-20,1.4147156196442145e-16
620.80999999999995,-78.22999999999999,-308.38999999999999,7.8699999999999974,303,195.32999999999998,162.11000000000001,7.5500000000000007,6.04,1000,1000,1.8107070747300225e-13,1.27858567237854,1.286989856049206e-13,5.1436624599367209e-14,7.9953335127552891e-16,3.2447806133799374e-19,4.2773654877959111e-20,1.3519409491320142e-16
624.12,-76.960000000000008,-303.27999999999997,8.240000000000002,305,196.16,162.72,7.6000000000000005,6.0800000000000001,1000,1000,1.7994602390190156e-13,1.2759113311767578,1.2828281460101204e-13,5.0774522661421045e-14,7.5915470834476517e-16,2.7968015656062385e-19,3.8562368519526543e-20,1.292006485971076e-16
627.43000000000006,-75.689999999999998,-298.16999999999996,8.6099999999999994,307,196.99000000000001,163.32999999999998,7.6500000000000004,6.1200000000000001,1000,1000,1.7883458114983236e-13,1.2732712030410767,1.2786839187310661e-13,5.0121578843700595e-14,7.208517725908073e-16,2.4000717851529696e-19,3.4769231654262333e-20,1.2347831899858417e-16
630.74000000000001,-74.419999999999987,-293.05999999999995,8.9799999999999969,309,197.81999999999999,163.94,7.7000000000000002,6.1600000000000001,1000,1000,1.7773604040361574e-13,1.2706640958786011,1.2745567676362285e-13,4.9477613575221041e-14,6.8451331799976897e-16,2.052873579779376e-19,3.1352122694411633e-20,1.1801440062342229e-16
634.04999999999995,-73.150000000000006,-287.94999999999993,9.3500000000000014,311,198.65000000000001,164.55000000000001,7.75,6.2000000000000002,1000,1000,1.7665027969050728e-13,1.2680900096893311,1.2704470993014222e-13,4.8842538764555868e-14,6.5003965938167018e-16,1.7522925595428861e-19,2.8273705421310185e-20,1.1279708794991963e-16
637.36000000000001,-71.879999999999995,-282.83999999999992,9.7199999999999989,313,199.47999999999999,165.16,7.8000000000000007,6.2400000000000002,1000,1000,1.755769601973281e-13,1.2655477523803711,1.266354371625561e-13,4.821620194577457e-14,6.1733206445859661e-16,1.4945822425034883e-19,2.550003473368777e-20,1.0781517764385976e-16
640.66999999999996,-70.609999999999985,-277.7299999999999,10.089999999999996,315,200.31,165.76999999999998,7.8500000000000005,6.2800000000000002,1000,1000,1.745158650836437e-13,1.2630363702774048,1.262278855659188e-13,4.7598484534264532e-14,5.8629926543048161e-16,1.2755125045567687e-19,2.3000745671362877e-20,1.0305765827692837e-16
643.98000000000002,-69.340000000000003,-272.62,10.460000000000001,317,201.13999999999999,166.38,7.9000000000000004,6.3200000000000003,1000,1000,1.7346675040396525e-13,1.2605558633804321,1.2582200093012169e-13,4.6989244228490615e-14,5.5685311793125152e-16,1.0906823571030331e-19,2.0748392640104936e-20,9.8514206635080803e-17
647.28999999999996,-68.069999999999993,-267.50999999999999,10.829999999999998,319,201.97,166.99000000000001,7.9500000000000002,6.3600000000000003,1000,1000,1.7242941287038543e-13,1.2581049203872681,1.2541783746527341e-13,4.638837260823557e-14,5.2891204210017391e-16,9.3575614588628202e-20,1.8718459105157129e-20,9.4175108309203239e-17
650.60000000000002,-66.800000000000011,-262.39999999999998,11.200000000000003,321,202.79999999999998,167.59999999999999,8,6.4000000000000004,1000,1000,1.7140360853741543e-13,1.2556831836700439,1.2501534096126532e-13,4.5795744312623204e-14,5.0239742269183175e-16,8.0663021496294268e-20,1.6888766286345375e-20,9.0031032701986077e-17
653.90999999999997,-65.530000000000001,-257.28999999999996,11.57,323,203.63,168.20999999999998,8.0500000000000007,6.4400000000000004,1000,1000,1.7038910701209359e-13,1.2532899379730225,1.2461449786557027e-13,4.5211223816381957e-14,4.7723472080686666e-16,6.9953947082922102e-20,1.5239377838437442e-20,8.6072880826691233e-17
657.22000000000003,-64.259999999999991,-252.17999999999995,11.939999999999998,325,204.45999999999998,168.81999999999999,8.0999999999999996,6.4800000000000004,1000,1000,1.693857863216755e-13,1.2509253025054932,1.2421533528324258e-13,4.4634719639953524e-14,4.53354797380959e-16,6.1112943760727309e-20,1.3752435061255278e-20,8.2292274998074772e-17
660.52999999999997,-62.990000000000009,-247.06999999999994,12.310000000000002,327,205.28999999999999,169.43000000000001,8.1500000000000004,6.5200000000000005,1000,1000,1.6839332120550943e-13,1.2485876083374023,1.2381781255670077e-13,4.4066072541143822e-14,4.3068949273163441e-16,5.3846488428050007e-20,1.2411710997626067e-20,7.8680923557676461e-17
663.84000000000003,-61.719999999999999,-241.95999999999992,12.68,329,206.12,170.03999999999999,8.2000000000000011,6.5600000000000005,1000,1000,1.6741163034843243e-13,1.2462773323059082,1.23421943238472e-13,4.350521814544886e-14,4.0917800577514778e-16,4.7903473607843533e-20,1.1202828537645298e-20,7.523134217531392e-17
667.14999999999998,-60.449999999999989,-236.84999999999991,13.049999999999997,331,206.94999999999999,170.64999999999998,8.25,6.6000000000000005,1000,1000,1.6644046980495569e-13,1.2439935207366943,1.2302770022350196e-13,4.2952017539465287e-14,3.8875945601841522e-16,4.3071459285523808e-20,1.0112652957914425e-20,7.1936066373139471e-17
670.46000000000004,-59.180000000000007,-231.7399999999999,13.420000000000002,333,207.78,171.25999999999999,8.3000000000000007,6.6400000000000006,1000,1000,1.6547967694475335e-13,1.241735577583313,1.226350970643178e-13,4.2406358914844067e-14,3.6937783340779953e-16,3.9173735771559925e-20,9.1294542880478186e-21,6.878800886766476e-17
673.76999999999998,-57.909999999999997,-226.63,13.789999999999999,335,208.60999999999999,171.87,8.3499999999999996,6.6799999999999997,1000,1000,1.6452907558497237e-13,1.239503026008606,1.2224410665586521e-13,4.1868147403895106e-14,3.5097953663960728e-16,3.6065220110154057e-20,8.2426472011442156e-21,6.5780472804650558e-17
677.08000000000004,-56.639999999999986,-221.51999999999998,14.159999999999997,337,209.44,172.48000000000002,8.4000000000000004,6.7199999999999998,1000,1000,1.6358844888517826e-13,1.2372956275939941,1.218547289981442e-13,4.1337257645742212e-14,3.3351353197876639e-16,3.3628339563224302e-20,7.4426924629715465e-21,6.2907138524216958e-17
680.38999999999999,-55.370000000000005,-216.40999999999997,14.530000000000001,339,210.26999999999998,173.09,8.4500000000000011,6.7599999999999998,1000,1000,1.6265767487262661e-13,1.2351125478744507,1.2146696409115476e-13,4.0813594772695291e-14,3.1693212088243462e-16,3.1769002336092753e-20,6.7210270578233971e-21,6.0161831950271866e-17
683.70000000000005,-54.099999999999994,-211.29999999999995,14.899999999999999,341,211.09999999999999,173.69999999999999,8.5,6.7999999999999998,1000,1000,1.6173660446951871e-13,1.2329539060592651,1.2108079838236974e-13,4.0297040200141729e-14,3.0118916652476619e-16,3.0413130527496164e-20,6.0699042453927521e-21,5.7538696644078406e-17
687.00999999999999,-52.829999999999984,-206.18999999999994,15.269999999999996,343,211.93000000000001,174.31,8.5500000000000007,6.8399999999999999,1000,1000,1.6082502083542005e-13,1.2308188676834106,1.2069621831926197e-13,3.9787502448523221e-14,2.8624213196994119e-16,2.9503726223350805e-20,5.482393964668779e-21,5.5032293065928429e-17
690.32000000000005,-51.560000000000002,-201.07999999999993,15.640000000000001,345,212.75999999999999,174.92000000000002,8.5999999999999996,6.8799999999999999,1000,1000,1.599228155501134e-13,1.2287073135375977,1.2031322390183147e-13,3.928486970949073e-14,2.7204956554310335e-16,2.899755308077944e-20,4.9522123894942025e-21,5.2637178367391337e-17
693.63,-50.289999999999992,-195.96999999999991,16.010000000000005,347,213.59,175.53,8.6500000000000004,6.9199999999999999,1000,1000,1.590297853256914e-13,1.2266184091567993,1.1993178802502391e-13,3.8789057279749531e-14,2.5857329782206704e-16,2.8863381800483925e-20,4.4737376805398597e-21,5.0348511887522468e-17
696.94000000000005,-49.02000000000001,-190.8599999999999,16.379999999999995,349,214.41999999999999,176.13999999999999,8.7000000000000011,6.96,1000,1000,1.5814584884699112e-13,1.2245521545410156,1.1955192424136646e-13,3.8299953350950586e-14,2.4577632405494907e-16,2.9078878505925328e-20,4.0418779110565045e-21,4.8161330542646506e-17
700.25,-47.75,-185.75,16.75,351,215.25,176.75,8.75,7,1000,1000,1.5727080282610523e-13,1.2225080728530884,1.1917361899833195e-13,3.7817476607930958e-14,2.3362381001179361e-16,2.9629111940812212e-20,3.6520549110034687e-21,4.6071055060892355e-17
703.56000000000006,-46.47999999999999,-180.63999999999999,17.120000000000005,353,216.07999999999998,177.36000000000001,8.8000000000000007,7.04,1000,1000,1.5640457950039793e-13,1.2204861640930176,1.187968722959204e-13,3.7341522018605189e-14,2.2208274787743735e-16,3.0504075158437249e-20,3.3001434805827491e-21,4.4073347707127789e-17
706.87,-45.210000000000008,-175.52999999999997,17.489999999999995,355,216.91,177.97,8.8499999999999996,7.0800000000000001,1000,1000,1.5554694847690759e-13,1.2184852361679077,1.1842165702907748e-13,3.6871981162756029e-14,2.1112169155371348e-16,3.1696372000901476e-20,2.9824209031410736e-21,4.2164029564898189e-17
710.18000000000006,-43.939999999999998,-170.41999999999996,17.859999999999999,357,217.73999999999998,178.57999999999998,8.9000000000000004,7.1200000000000001,1000,1000,1.5469786909805272e-13,1.216505765914917,1.1804798675033035e-13,3.6408793054011276e-14,2.0071141840394171e-16,3.3198680627314092e-20,2.6955491737114284e-21,4.0339123549818401e-17
713.49000000000001,-42.669999999999987,-165.30999999999995,18.230000000000004,359,218.56999999999999,179.19,8.9500000000000011,7.1600000000000001,1000,1000,1.5385711097087168e-13,1.214546799659729,1.176758343546247e-13,3.5951825555231159e-14,1.908229969590174e-16,3.500046417838785e-20,2.4364893728949613e-21,3.8594708825784923e-17
716.79999999999995,-41.400000000000006,-160.19999999999993,18.599999999999994,361,219.40000000000001,179.80000000000001,0,7.2000000000000002,1000,1000,1.5302461988525584e-13,1.2126086950302124,1.1730518628943337e-13,3.5501034620702421e-14,1.8143073829783709e-16,3.7085576476306627e-20,2.2025456916103809e-21,3.6927311234225032e-17
720.11000000000001,-40.129999999999995,-155.08999999999992,18.969999999999999,363,220.22999999999999,180.41,0.050000000000000711,7.2400000000000002,1000,1000,1.522002738684608e-13,1.2106904983520508,1.1693608321233784e-13,3.5056305053944234e-14,1.7250883438528914e-16,3.94273797204068e-20,1.9912501185622743e-21,3.5333400368284352e-17
723.41999999999996,-38.859999999999985,-149.9799999999999,19.340000000000003,365,221.06,181.01999999999998,0.099999999999999645,7.2800000000000002,1000,1000,1.5138392384268784e-13,1.2087923288345337,1.1656847091322947e-13,3.4617555539793662e-14,1.6403348888951162e-16,4.1986130467194612e-20,1.8003967714677029e-21,3.3809740297406575e-17
726.73000000000002,-37.590000000000003,-144.86999999999989,19.709999999999994,2,221.88999999999999,181.63,0.15000000000000036,7.3200000000000003,1000,1000,1.5057542073013824e-13,1.2069135904312134,1.1620234939210827e-13,3.4184701374955981e-14,1.5598181868603885e-16,4.4704220110649719e-20,1.6279878758614127e-21,3.2353048768921092e-17
730.03999999999996,-36.319999999999993,-139.75999999999999,20.079999999999998,4,222.72,182.24000000000001,0.20000000000000107,7.3600000000000003,1000,1000,1.4977472387323054e-13,1.2050542831420898,1.158377322015014e-13,3.3757647691741097e-14,1.4833231707894447e-16,4.7504688542062011e-20,1.4722265959279273e-21,3.0960420724516615e-17
733.35000000000002,-35.049999999999983,-134.64999999999998,20.450000000000003,6,223.54999999999998,182.84999999999999,0.25,7.4000000000000004,1000,1000,1.4898167064163886e-13,1.2032142877578735,1.1547459223635453e-13,3.333632672751323e-14,1.4106452292859636e-16,5.0288713527625544e-20,1.3314928006945401e-21,2.9628951105881859e-17
736.65999999999997,-33.780000000000001,-129.53999999999996,20.819999999999993,8,224.38,183.45999999999998,0.30000000000000071,7.4400000000000004,1000,1000,1.481961390626188e-13,1.201392650604248,1.1511292949666768e-13,3.2920653778977654e-14,1.3415923240989348e-16,5.2936722232386656e-20,1.2043268071857791e-21,2.835592676060765e-17
739.97000000000003,-32.509999999999991,-124.42999999999995,21.189999999999998,10,225.20999999999998,184.06999999999999,0.34999999999999964,7.4800000000000004,1000,1000,1.4741806137353458e-13,1.1995898485183716,1.1475274398244084e-13,3.2510530590312489e-14,1.2759781079799625e-16,5.5311615932163218e-20,1.0894057524615739e-21,2.7138665969148091e-17
743.27999999999997,-31.240000000000009,-119.31999999999994,21.560000000000002,12,226.03999999999999,184.68000000000001,0.40000000000000036,7.5200000000000005,1000,1000,1.4664726139153317e-13,1.1978048086166382,1.1439398148356539e-13,3.2105889398881954e-14,1.2136285421281655e-16,5.7265998150381671e-20,9.8554106926235869e-22,2.5974721931251249e-17
746.59000000000003,-29.969999999999999,-114.20999999999992,21.929999999999993,14,226.87,185.28999999999999,0.45000000000000107,7.5600000000000005,1000,1000,1.4588372556408741e-13,1.1960380077362061,1.140367097626771e-13,3.1706669218313846e-14,1.1543817638412794e-16,5.8652191298307156e-20,8.9166566228619754e-22,2.4861742145255025e-17
749.89999999999998,-28.699999999999989,-109.09999999999991,22.299999999999997,16,227.69999999999999,185.89999999999998,0.5,7.6000000000000005,1000,1000,1.4512730481339858e-13,1.1942888498306274,1.1368087460966736e-13,3.1312775180918073e-14,1.0980774986038159e-16,5.9334447282601479e-20,8.0680593833652835e-22,2.3797405542360594e-17
753.21000000000004,-27.430000000000007,-103.9899999999999,22.670000000000002,18,228.53,186.50999999999999,0.55000000000000071,7.6400000000000006,1000,1000,1.4437791782430376e-13,1.1925574541091919,1.1332648280079974e-13,3.0924136135927066e-14,1.0445692361856797e-16,5.9204127562033164e-20,7.3009205520304375e-22,2.277958792275492e-17
756.51999999999998,-26.159999999999997,-98.879999999999882,23.039999999999992,20,229.35999999999999,187.12,0.60000000000000142,7.6799999999999997,1000,1000,1.4363541551900422e-13,1.1908431053161621,1.1297352078354708e-13,3.0540674156309677e-14,9.9371384125367454e-17,5.8192601995154451e-20,6.6073272859982188e-22,2.1806156814818842e-17
759.83000000000004,-24.889999999999986,-93.769999999999982,23.409999999999997,22,230.19,187.73000000000002,0.65000000000000036,7.7199999999999998,1000,1000,1.4289977079244565e-13,1.1891461610794067,1.1262198855790939e-13,3.0162314703166548e-14,9.4537856786309794e-17,5.6283365743805494e-20,5.9801861480088801e-22,2.0875216320588388e-17
763.13999999999999,-23.620000000000005,-88.659999999999968,23.780000000000001,24,231.01999999999998,188.34,0.70000000000000107,7.7599999999999998,1000,1000,1.4217086167188364e-13,1.1874657869338989,1.1227187934762309e-13,2.9788996790125477e-14,8.9943649342075975e-17,5.3516488600081098e-20,5.4130761889471569e-22,1.9984802713289356e-17
766.45000000000005,-22.349999999999994,-83.549999999999955,0.15000000000000568,26,231.84999999999999,188.94999999999999,0.75,7.7999999999999998,1000,1000,1.4144857973710095e-13,1.1858019828796387,1.1192318637642459e-13,2.9420635713891738e-14,8.5576605546383919e-17,4.9989432473420469e-20,4.9001944217764986e-22,1.9133132591521084e-17
769.75999999999999,-21.079999999999984,-78.439999999999941,0.51999999999999602,28,232.67999999999998,189.56,0.80000000000000071,7.8399999999999999,1000,1000,1.4073281656788034e-13,1.1841545104980469,1.1157586898673244e-13,2.9057156935565973e-14,8.1425263984666091e-17,4.5849057465468716e-20,4.4363053344411344e-22,1.8318511889389061e-17
773.07000000000005,-19.810000000000002,-73.329999999999927,0.89000000000000057,30,233.50999999999999,190.17000000000002,0.85000000000000142,7.8799999999999999,1000,1000,1.4002353150664032e-13,1.182523250579834,1.1122997461239167e-13,2.8698502856907768e-14,7.7478983805522608e-17,4.1277621191974534e-20,4.0167143841396578e-22,1.7539276319500832e-17
776.38,-18.539999999999992,-68.219999999999914,1.2600000000000051,32,234.34,190.78,0.90000000000000036,7.9199999999999999,1000,1000,1.3932061613316366e-13,1.1809080839157104,1.1088545581955725e-13,2.8344600633083659e-14,7.3727256506451598e-17,3.6475298130001488e-20,3.6371349638219702e-22,1.6793859201776221e-17
779.69000000000005,-17.27000000000001,-63.1099999999999,1.6299999999999955,34,235.16999999999999,191.38999999999999,0.95000000000000107,7.96,1000,1000,1.3862400268481456e-13,1.1793088912963867,1.1054233971328348e-13,2.7995392665853235e-14,7.016056620168625e-17,3.1640950899860423e-20,3.2937401514646636e-22,1.6080783191641208e-17
783,-16,-57.999999999999886,2,36,236,192,1,8,1000,1000,1.3793358274137579e-13,1.177725076675415,1.1020058563598889e-13,2.7650804416317135e-14,6.6769463179908758e-17,2.6954418583360596e-20,2.9830395215520607e-22,1.5398615612274852e-17
786.31000000000006,-14.72999999999999,-52.889999999999873,2.3700000000000045,38,236.82999999999998,192.61000000000001,1.0500000000000007,8.0400000000000009,1000,1000,1.3724931564526588e-13,1.176156759262085,1.098602206927278e-13,2.7310769815905474e-14,6.3545179326626061e-17,2.2563076654442827e-20,2.7018945436410855e-22,1.4745963491525612e-17
789.62,-13.45999999999998,-47.779999999999973,2.7399999999999949,40,237.66,193.22,1.1000000000000014,8.0800000000000001,1000,1000,1.365710523186861e-13,1.1746035814285278,1.095212177784459e-13,2.6975219407916577e-14,6.0479303869369718e-17,1.85741387064865e-20,2.447466328214901e-22,1.4121538081999133e-17
792.93000000000006,-12.189999999999998,-42.669999999999845,3.1099999999999994,42,238.48999999999998,193.82999999999998,1.1500000000000004,8.120000000000001,1000,1000,1.3589876565658215e-13,1.1730655431747437,1.091835701168796e-13,2.664410237037361e-14,5.756403484060213e-17,1.5052363934166566e-20,2.2172042670858743e-22,1.3524095304054133e-17
796.24000000000001,-10.920000000000016,-37.559999999999945,3.480000000000004,44,239.31999999999999,194.44,1.2000000000000011,8.1600000000000001,1000,1000,1.352323743437911e-13,1.1715422868728638,1.0884726415550175e-13,2.6317345858443107e-14,5.4791752252520459e-17,1.2023024967018508e-20,2.0087853226603104e-22,1.2952438227344248e-17
799.54999999999995,-9.6499999999999773,-32.450000000000045,3.8499999999999943,46,240.15000000000001,195.05000000000001,1.25,8.1999999999999993,1000,1000,1.3457176996009568e-13,1.1700339317321777,1.0851230667057593e-13,2.5994893967950551e-14,5.2155368821636349e-17,9.4786101326632926e-21,1.8201247564467638e-22,1.2405450158042533e-17
802.86000000000001,-8.3799999999999955,-27.339999999999918,4.2199999999999989,48,240.97999999999999,195.66,1.3000000000000007,8.2400000000000002,1000,1000,1.3391693895296874e-13,1.1685401201248169,1.0817870443836572e-13,2.5676690794721423e-14,4.9648154606486071e-17,7.38711626556564e-21,1.6493368753373941e-22,1.1882038390559804e-17
806.16999999999996,-7.1100000000000136,-22.230000000000018,4.5900000000000034,50,241.81,196.26999999999998,1.3500000000000014,8.2799999999999994,1000,1000,1.3326774579713874e-13,1.167060375213623,1.0784642357755322e-13,2.5362675352383519e-14,4.7263631128512107e-17,5.7009360518575693e-21,1.4947114288896821e-22,1.1381167294769145e-17
809.48000000000002,-5.839999999999975,-17.119999999999891,4.9599999999999937,52,242.63999999999999,196.88,1.4000000000000004,8.3200000000000003,1000,1000,1.3262413628249703e-13,1.1655950546264648,1.0751547086440202e-13,2.5052774796103378e-14,4.4995611076732562e-17,4.3646956464216939e-21,1.3547009875519464e-22,1.0901835154948754e-17
812.78999999999996,-4.5699999999999932,-12.009999999999991,5.3299999999999983,54,243.47,197.49000000000001,1.4500000000000011,8.3599999999999994,1000,1000,1.3198606975146215e-13,1.1641438007354736,1.0718583274638496e-13,2.4746948468299529e-14,4.2838423300867772e-17,3.3215447594486413e-21,1.2279200591391291e-22,1.0443119664715635e-17
816.10000000000002,-3.3000000000000114,-6.8999999999998636,5.7000000000000028,56,244.29999999999998,198.09999999999999,1.5,8.4000000000000004,1000,1000,1.3135345133634402e-13,1.1627063751220703,1.068575227760292e-13,2.4445128606336193e-14,4.078648598614423e-17,2.5175425716087878e-21,1.11310394184798e-22,1.0004086937158215e-17
819.40999999999997,-2.0299999999999727,-1.7899999999999636,6.0699999999999932,58,245.13,198.71000000000001,1.5500000000000007,8.4399999999999995,1000,1000,1.3072618616945253e-13,1.1612825393676758,1.0653051384828041e-13,2.4147267776368324e-14,3.8834607747037552e-17,1.9044234172770909e-21,1.0091159817773841e-22,9.5838940752323026e-18
822.72000000000003,-0.75999999999999091,3.3200000000001637,6.4399999999999977,60,245.95999999999998,199.31999999999999,1.6000000000000014,8.4800000000000004,1000,1000,1.3010424714573338e-13,1.15987229347229,1.0620479918687503e-13,2.3853303297957824e-14,3.6977802338815268e-17,1.4408206927612091e-21,9.1492472751654697e-23,9.1817196885896331e-18
826.02999999999997,0.50999999999999091,8.4300000000000637,6.8100000000000023,62,246.78999999999999,199.93000000000001,1.6500000000000004,8.5199999999999996,1000,1000,1.2948755295002362e-13,1.1584756374359131,1.0588037201554948e-13,2.3563170796600703e-14,3.5211291966259274e-17,1.0925091943715857e-21,8.2959660951579375e-23,8.7967564489523545e-18
829.34000000000003,1.7800000000000296,13.539999999999964,7.1799999999999926,64,247.62,200.53999999999999,1.7000000000000011,8.5600000000000005,1000,1000,1.2887604937221464e-13,1.1570920944213867,1.0555724588683091e-13,2.3276846555374438e-14,3.353075874657204e-17,8.3197789659873011e-22,7.5229808578823176e-23,8.4282797461038702e-18
832.64999999999998,3.0500000000000114,18.650000000000091,7.5499999999999972,66,248.44999999999999,201.15000000000001,1.75,8.5999999999999996,1000,1000,1.2826966864967065e-13,1.15572190284729,1.0523540047192859e-13,2.2994257729445564e-14,3.1931871562066241e-17,6.3759565281985582e-22,6.8226301462271033e-23,8.0755451174928826e-18
835.96000000000004,4.3199999999999932,23.759999999999991,7.9200000000000017,68,249.28,201.75999999999999,1.8000000000000007,8.6400000000000006,1000,1000,1.2766831591470157e-13,1.1543644666671753,1.0491482221831536e-13,2.2715346720573668e-14,3.0410557375405665e-17,4.9268975527448471e-22,6.1880224713242839e-23,7.7378833740038363e-18
839.26999999999998,5.5900000000000318,28.870000000000118,8.289999999999992,70,70.109999999999985,202.37,1.8500000000000014,8.6799999999999997,1000,1000,1.2707199116730739e-13,1.153019905090332,1.0459553145478195e-13,2.244007964744086e-14,2.8963074021499122e-17,3.8459016381345555e-22,5.6129668527896851e-23,7.4146369070497516e-18
842.58000000000004,6.8600000000000136,33.980000000000018,8.6599999999999966,72,70.939999999999998,202.97999999999999,1.9000000000000004,8.7200000000000006,1000,1000,1.264805724347437e-13,1.1516879796981812,1.0427749430001049e-13,2.2168395523674937e-14,2.7585702496312574e-17,3.0378632087632588e-22,5.0917986382350956e-23,7.1051712691008003e-18
845.88999999999999,8.1299999999999955,39.090000000000146,9.0300000000000011,74,71.769999999999982,203.59,1.9500000000000011,8.7599999999999998,1000,1000,1.2589404616448335e-13,1.1503688097000122,1.0396071753026453e-13,2.190024522136496e-14,2.6275008345942699e-17,2.4320306553280053e-22,4.6194350390759955e-23,6.8088826183098188e-18
849.20000000000005,9.3999999999999773,44.200000000000045,9.4000000000000057,76,72.599999999999994,204.19999999999999,2,8.8000000000000007,1000,1000,1.253123039363091e-13,1.1490617990493774,1.0364518081675336e-13,2.1635574530402303e-14,2.5027687811022963e-17,1.9761423846200098e-22,4.1912599568393935e-23,6.5252039223669019e-18
852.50999999999999,10.670000000000016,49.310000000000173,9.769999999999996,78,73.429999999999978,204.81,2.0500000000000007,8.8399999999999999,1000,1000,1.2473534575022094e-13,1.1477673053741455,1.0333091126453128e-13,2.1374352957600866e-14,2.3840695212537944e-17,1.6317519666914418e-22,3.8031280852405342e-23,6.2535950323320525e-18
855.82000000000005,11.939999999999998,54.420000000000073,10.140000000000001,80,74.259999999999991,205.41999999999999,2.1000000000000014,8.8800000000000008,1000,1000,1.2416310384358309e-13,1.1464849710464478,1.0301787499228041e-13,2.1116517822522551e-14,2.2710993143278348e-17,1.3706598329911847e-22,3.4512421634260458e-23,5.9935253118423178e-18
859.13,13.20999999999998,59.529999999999973,10.510000000000005,82,75.090000000000003,206.03,2.1500000000000004,8.9199999999999999,1000,1000,1.2359545624365115e-13,1.1452145576477051,1.0270605844747357e-13,2.086201660912463e-14,2.1635752645549243e-17,1.172213226367318e-22,3.1321829526883384e-23,5.7444852176403652e-18
862.44000000000005,14.480000000000018,64.6400000000001,10.879999999999995,84,75.919999999999987,206.63999999999999,2.2000000000000011,8.9600000000000009,1000,1000,1.2303240295042511e-13,1.1439560651779175,1.0239548195890152e-13,2.0610812047957422e-14,2.0612343285002711e-17,1.021308300384118e-22,2.8428751576744982e-23,5.5060140101250027e-18
865.75,15.75,69.75,11.25,86,76.75,207.25,2.25,0,1000,1000,1.2247390330632352e-13,1.142709493637085,1.0208612519777352e-13,2.0362865175505354e-14,1.9638238852048014e-17,9.0688522515038618e-23,2.580525895235681e-23,5.2776488817435067e-18
869.06000000000006,17.019999999999982,74.860000000000127,11.620000000000005,88,77.579999999999984,207.85999999999999,2.3000000000000007,0.040000000000000924,1000,1000,1.2191988954871058e-13,1.1414744853973389,1.0177799494035314e-13,2.0118125169791591e-14,1.8710990892071997e-17,8.2085609379481736e-23,2.3425926666743592e-23,5.0589526675421431e-18
872.37,18.29000000000002,79.970000000000027,11.989999999999995,90,78.409999999999997,208.47,2.3500000000000014,0.080000000000000071,1000,1000,1.2137029391495052e-13,1.1402509212493896,1.0147107763411323e-13,1.987654967916877e-14,1.7828341202002388e-17,7.5731479938333047e-23,2.1267920352142803e-23,4.8495080549018789e-18
875.68000000000006,19.560000000000002,85.080000000000155,12.359999999999999,92,79.239999999999981,209.07999999999998,2.4000000000000004,0.12000000000000099,1000,1000,1.2082506219493472e-13,1.1390388011932373,1.0116534617399947e-13,1.9638084493528267e-14,1.6988041504934269e-17,7.1196179754698131e-23,1.9310333616844274e-23,4.6489084845516441e-18
878.99000000000001,20.829999999999984,90.190000000000055,12.730000000000004,94,80.069999999999993,209.69,2.4500000000000011,0.16000000000000014,1000,1000,1.2028414017855454e-13,1.1378380060195923,1.0086081411253903e-13,1.9402690649354508e-14,1.618805693656076e-17,6.8169724358148582e-23,1.7534468879672458e-23,4.4567804844448712e-18
882.30000000000007,22.100000000000023,95.300000000000182,13.099999999999994,96,80.899999999999977,210.29999999999998,2.5,0.20000000000000107,1000,1000,1.1974752786581e-13,1.136648416519165,1.0055749500225905e-13,1.9170337653461392e-14,1.5426448585526036e-17,6.6431100166590439e-23,1.5923376675217775e-23,4.2727596815217305e-18
885.61000000000001,23.370000000000005,100.41000000000008,13.469999999999999,98,81.72999999999999,210.91,2.5500000000000007,0.24000000000000021,1000,1000,1.1921511683648384e-13,1.135469913482666,1.0025535496184165e-13,1.8940966213542611e-14,1.4701292429725299e-17,6.5826012297849714e-23,1.4461530643143666e-23,4.096489974528518e-18
888.91999999999996,24.639999999999986,105.51999999999998,13.840000000000003,100,82.560000000000002,211.52000000000001,2.6000000000000014,0.27999999999999936,1000,1000,1.186868935380489e-13,1.1343023777008057,9.9954393991286833e-14,1.871455938893922e-14,1.4010877859651789e-17,6.6251359787057642e-23,1.3135114673556089e-23,3.9276524853390944e-18
892.23000000000002,25.910000000000025,110.63000000000011,14.209999999999994,102,83.389999999999986,212.13,2.6500000000000004,0.32000000000000028,1000,1000,1.1816279020786941e-13,1.1331455707550049,9.9654618866858169e-14,1.8491052805147228e-14,1.3353447943684443e-17,6.7640392379858041e-23,1.1931360263843138e-23,3.7659101378538444e-18
895.53999999999996,27.180000000000007,115.74000000000001,14.579999999999998,104,84.219999999999999,212.74000000000001,2.7000000000000011,0.35999999999999943,1000,1000,1.1764275263583673e-13,1.1319996118545532,9.9356002483501349e-14,1.8270414274914638e-14,1.2727423594033898e-17,6.9954272876165071e-23,1.0838873895950706e-23,3.6109701101359242e-18
898.85000000000002,28.449999999999989,120.85000000000014,14.950000000000003,106,85.049999999999983,213.34999999999999,2.75,0.40000000000000036,1000,1000,1.1712675371689657e-13,1.1308642625808716,9.9058558393743529e-14,1.8052611610989457e-14,1.2131291070179182e-17,7.3171317067416017e-23,9.8473017704977667e-24,3.4625362715260399e-18
902.15999999999997,29.720000000000027,125.96000000000004,15.319999999999993,108,85.879999999999995,213.96000000000001,2.8000000000000007,0.4399999999999995,1000,1000,1.1661477989852176e-13,1.1297394037246704,9.8762300150111865e-14,1.7837604155790214e-14,1.1563599497325877e-17,7.7278795894044232e-23,8.9472446097986115e-24,3.3203377203735803e-18
905.47000000000003,30.990000000000009,131.07000000000016,15.689999999999998,110,86.70999999999998,214.56999999999999,2.8500000000000014,0.48000000000000043,1000,1000,1.1610669565544074e-13,1.1286249160766602,9.8467159989970576e-14,1.7625339393274181e-14,1.1022926124820391e-17,8.2262812782343342e-23,8.1301203960653413e-24,3.1840907337284397e-18
908.77999999999997,32.259999999999991,136.18000000000006,16.060000000000002,112,87.539999999999992,215.18000000000001,2.9000000000000004,0.51999999999999957,1000,1000,1.1560251454018067e-13,1.1275206804275513,9.8173171794637554e-14,1.741579191245294e-14,1.0507992958616331e-17,8.810081262131127e-23,7.38826928990826e-24,3.053554188442059e-18
912.09000000000003,33.53000000000003,141.28999999999996,16.429999999999993,114,88.370000000000005,215.78999999999999,2.9500000000000011,0.5600000000000005,1000,1000,1.1510219589516008e-13,1.1264268159866333,9.7880328787849219e-14,1.7208924443876811e-14,1.0017555919072416e-17,9.4749408061160859e-23,6.7147004059852991e-24,2.9284807575112847e-18
915.39999999999998,34.800000000000011,146.40000000000009,16.799999999999997,116,89.199999999999989,216.40000000000001,3,0.59999999999999964,1000,1000,1.1460571261532465e-13,1.1253430843353271,9.7588644522132728e-14,1.7004703106227904e-14,9.5504346194545327e-18,1.0213484376269756e-22,6.1030855021147755e-24,2.808637176003377e-18
918.71000000000004,36.069999999999993,151.50999999999999,17.170000000000002,118,90.030000000000001,217.00999999999999,3.0500000000000007,0.64000000000000057,1000,1000,1.1411295628045715e-13,1.1242692470550537,9.7298071563643035e-14,1.6803083853792963e-14,9.1054792787112331e-18,1.1014330918540334e-22,5.5476453833050402e-24,2.6938013459238652e-18
122.01999999999998,37.340000000000032,156.62000000000012,17.539999999999992,120,90.859999999999985,217.62,3.1000000000000014,0.67999999999999972,666.13568115234375,1000,9.7453139308312231e-12,10.950750350952148,2.7850630330596149e-13,5.4733572275172948e-13,5.6186873730046383e-12,1.5633101367248936e-12,1.4071343916455259e-12,3.3033967813782261e-13
125.33000000000004,38.610000000000014,161.73000000000002,17.909999999999997,122,91.689999999999998,218.22999999999999,3.1500000000000004,0.72000000000000064,827.65740966796875,1000,7.1946749773121876e-12,10.156000137329102,2.4327369003811217e-13,4.6895012829548111e-13,4.1751519776200841e-12,1.0939874223528379e-12,9.6538011959412806e-13,2.4793199177725045e-13
128.63999999999999,39.879999999999995,166.84000000000015,18.280000000000001,124,92.519999999999982,218.84,3.2000000000000011,0.75999999999999979,910.9755859375,1000,6.0645286535654375e-12,9.6383962631225586,2.2868360850802905e-13,4.3434410256816547e-13,3.5412163652825956e-12,8.8379271349220412e-13,7.6438958244648414e-13,2.1210243034575776e-13
131.95000000000005,41.149999999999977,171.95000000000005,18.650000000000006,126,93.349999999999994,219.44999999999999,3.25,0.80000000000000071,953.9830322265625,1000,5.4062782896269201e-12,9.2469329833984375,2.2155046623239388e-13,4.153794007973749e-13,3.1713689833956504e-12,7.6449610530993084e-13,6.4200343175349617e-13,1.9148022739872567e-13
135.25999999999999,42.420000000000016,177.06000000000017,19.019999999999996,128,94.179999999999978,220.06,3.3000000000000007,0.83999999999999986,976.19769287109375,1000,4.9593979097040108e-12,8.9310636520385742,2.1766623063430163e-13,4.0319351047972407e-13,2.9128411922069164e-12,6.9424685184699131e-13,5.5421026925669969e-13,1.77239530018726e-13
138.57000000000005,43.689999999999998,182.17000000000007,19.390000000000001,130,95.009999999999991,220.66999999999999,3.3500000000000014,0.88000000000000078,987.67999267578125,1000,4.6314159105054209e-12,8.6755151748657227,2.1532294447890871e-13,3.9423032980462347e-13,2.7088127747820767e-12,6.620366147652712e-13,4.8492812413161723e-13,1.6608491925501623e-13
141.88,44.95999999999998,187.27999999999997,19.760000000000005,132,95.840000000000003,221.28,3.4000000000000004,0.91999999999999993,993.618896484375,1000,4.3883785494358563e-12,8.4827041625976562,2.1374215060637053e-13,3.8688673033478171e-13,2.5349394892210109e-12,6.6898277282373408e-13,4.2722645083106969e-13,1.5660106403910662e-13
145.19000000000005,46.230000000000018,192.3900000000001,20.129999999999995,134,96.669999999999987,221.88999999999999,3.4500000000000011,0.96000000000000085,996.6927490234375,1000,4.2242663360336774e-12,8.3699560165405273,2.1254754954767169e-13,3.80395611928111e-13,2.3799046500877497e-12,7.2555611692337596e-13,3.7773180850547705e-13,1.4813069390898215e-13
148.5,47.5,197.5,20.5,136,97.5,222.5,3.5,1,998.28472900390625,1000,4.1551718663046522e-12,8.3757848739624023,2.1155162853708082e-13,3.7437810013543626e-13,2.2381289530026827e-12,8.5616030324336956e-13,3.3460146003742863e-13,1.4035188213457755e-13
151.81000000000006,48.769999999999982,202.61000000000013,20.870000000000005,138,98.329999999999984,223.10999999999999,3.5500000000000007,1.0400000000000009,999.10980224609375,1000,4.0519406406536174e-12,8.3252172470092773,2.1065941146428818e-13,3.6864375484516043e-13,2.1066958941218239e-12,9.3614070488523549e-13,2.9670168232021066e-13,1.3309924722700733e-13
155.12,50.04000000000002,207.72000000000003,21.239999999999995,140,99.159999999999997,223.72,3.6000000000000014,1.0800000000000001,999.53765869140625,1000,3.8449217767966282e-12,8.1127538681030273,2.0982229896691212e-13,3.6309559417295467e-13,1.9839622566325543e-12,8.9850913168043611e-13,2.6325046743186364e-13,1.2628228540992326e-13
158.43000000000006,51.310000000000002,212.83000000000015,21.609999999999999,142,99.989999999999981,224.32999999999998,3.6500000000000004,1.120000000000001,999.759765625,1000,3.6399351414917458e-12,7.8872346878051758,2.0901536794751263e-13,3.5768366350372172e-13,1.8689119262588205e-12,8.5082104122474744e-13,2.3365575967104757e-13,1.1984746420105885e-13
161.74000000000001,52.579999999999984,217.94000000000005,21.980000000000004,144,100.81999999999999,224.94,3.7000000000000011,1.1600000000000001,999.87506103515625,1000,3.4373625907441197e-12,7.6493005752563477,2.0822581126792722e-13,3.5238194198532191e-13,1.7608443999769796e-12,7.9471141039427762e-13,2.0743923614431614e-13,1.1375965545002559e-13
165.05000000000007,53.850000000000023,223.05000000000018,22.349999999999994,146,101.64999999999998,225.54999999999998,3.75,1.2000000000000011,999.93499755859375,1000,3.2383050234396915e-12,7.4006648063659668,2.074469610847951e-13,3.4717636209456726e-13,1.6592265755788205e-12,7.3226347945334891e-13,1.8419860363556861e-13,1.0799325843302565e-13
